                  epoch,         train/box_loss,         train/cls_loss,         train/dfl_loss,   metrics/precision(B),      metrics/recall(B),       metrics/mAP50(B),    metrics/mAP50-95(B),           val/box_loss,           val/cls_loss,           val/dfl_loss,                 lr/pg0,                 lr/pg1,                 lr/pg2
                      1,                 1.2708,                 4.3902,                 1.9102,                      0,                      0,                      0,                      0,                0.47482,                 4.7671,                 1.3155,              3.332e-05,              3.332e-05,              3.332e-05
                      2,                0.88558,                 4.0054,                 1.5794,                      0,                      0,                      0,                      0,                0.48181,                 4.7303,                 1.2887,             6.9986e-05,             6.9986e-05,             6.9986e-05
                      3,                0.80757,                 3.6267,                 1.4901,                0.66667,                0.57143,                0.65264,                0.50173,                0.52102,                 4.6586,                 1.2895,             0.00010514,             0.00010514,             0.00010514
                      4,                0.72086,                 3.1068,                 1.3791,                0.19811,                      1,                0.79943,                0.62159,                0.48082,                 4.4129,                 1.2499,             0.00013879,             0.00013879,             0.00013879
